claim_id,policy_id,claim_type,state,policyholder_tenure_years,previous_claims_count,incident_date,claim_filed_date,claim_amount,deductible,claim_status,days_to_resolution,is_fraud_flagged_ground_truth
CLM-0000000000,POL-100082395,renters,TX,21.399999618530273,0,2024-04-12,2024-04-16,14126.33,250,under_review,8.0,False
CLM-0000000001,POL-100372622,home,CA,15.399999618530273,1,2025-07-21,2025-07-29,34424.99,2500,denied,11.0,False
CLM-0000000002,POL-100278681,home,FL,12.600000381469727,0,2023-08-06,2023-08-06,25299.31,2500,approved,27.0,False
CLM-0000000003,POL-100380161,property,IL,0.10000000149011612,2,2023-04-18,2023-04-23,41045.48,5000,approved,21.0,False
CLM-0000000004,POL-100041587,renters,MO,10.199999809265137,0,2024-01-09,2024-01-10,10133.12,500,approved,7.0,False
CLM-0000000005,POL-100256499,property,NY,2.0,1,2023-01-01,2023-01-09,96829.51,5000,approved,16.0,False
CLM-0000000006,POL-100302918,renters,GA,3.5999999046325684,1,2022-12-20,2022-12-28,2864.78,500,approved,18.0,False
CLM-0000000007,POL-100299440,business,NJ,3.0999999046325684,0,2023-07-17,2023-07-21,51481.03,2500,denied,37.0,False
CLM-0000000008,POL-100068997,home,CA,6.0,0,2021-08-22,2021-08-30,5281.91,2500,denied,14.0,False
CLM-0000000009,POL-100098863,home,WA,0.6000000238418579,0,2022-03-04,2022-03-08,70780.81,5000,approved,19.0,True
CLM-0000000010,POL-100446267,home,NJ,16.0,2,2021-06-05,2021-06-08,23196.81,2500,pending,,False
CLM-0000000011,POL-100326567,property,TX,1.600000023841858,0,2026-06-03,2026-06-05,55386.23,2500,approved,4.0,False
CLM-0000000012,POL-100297760,auto,WA,3.5,0,2021-05-20,2021-05-20,18302.01,1500,approved,26.0,False
CLM-0000000013,POL-100160376,renters,CA,1.2999999523162842,0,2023-04-19,2023-04-23,6083.55,500,approved,6.0,False
CLM-0000000014,POL-100163649,auto,KY,3.799999952316284,0,2022-03-11,2022-03-19,19520.42,500,approved,13.0,False
CLM-0000000015,POL-100093627,home,FL,3.5999999046325684,2,2023-12-27,2024-01-01,66545.31,5000,approved,31.0,False
CLM-0000000016,POL-100110962,home,CA,13.5,0,2026-01-29,2026-02-12,47238.51,5000,denied,15.0,False
CLM-0000000017,POL-100264778,property,PA,1.399999976158142,1,2023-07-30,2023-08-07,29302.59,5000,approved,25.0,False
CLM-0000000018,POL-100296046,property,SC,2.299999952316284,2,2023-07-21,2023-07-23,93735.55,5000,under_review,13.0,False
CLM-0000000019,POL-100423929,property,TX,0.4000000059604645,0,2024-12-13,2024-12-19,120006.27,1000,denied,9.0,True
CLM-0000000020,POL-100091306,home,KS,17.200000762939453,0,2021-01-17,2021-01-18,22831.07,2500,approved,5.0,False
CLM-0000000021,POL-100262743,auto,MA,3.9000000953674316,0,2025-07-08,2025-07-11,12898.82,500,approved,11.0,False
CLM-0000000022,POL-100034311,auto,SC,1.100000023841858,1,2022-11-27,2022-11-28,3947.85,1500,approved,24.0,False
CLM-0000000023,POL-100057779,property,TX,0.8999999761581421,1,2026-01-06,2026-01-12,48145.7,5000,approved,10.0,False
CLM-0000000024,POL-100357452,auto,CA,3.0999999046325684,0,2024-07-08,2024-07-16,4164.13,1000,approved,24.0,False
CLM-0000000025,POL-100403657,auto,SC,3.0999999046325684,0,2021-03-04,2021-03-07,2165.75,1500,approved,5.0,False
CLM-0000000026,POL-100002029,auto,VA,5.5,0,2024-07-01,2024-07-01,10673.41,1500,approved,3.0,False
CLM-0000000027,POL-100232725,home,MS,1.7000000476837158,1,2025-09-10,2025-09-19,44527.88,5000,denied,24.0,False
CLM-0000000028,POL-100013257,property,GA,4.800000190734863,0,2025-04-01,2025-04-05,141291.42,2500,approved,27.0,False
CLM-0000000029,POL-100435971,auto,NY,2.9000000953674316,1,2024-09-26,2024-10-07,16829.51,500,under_review,15.0,True
CLM-0000000030,POL-100025420,renters,TX,3.0999999046325684,0,2025-05-21,2025-05-23,4264.97,250,denied,8.0,False
CLM-0000000031,POL-100452792,home,KY,16.100000381469727,2,2026-04-01,2026-04-06,9161.42,1000,approved,14.0,False
CLM-0000000032,POL-100327780,auto,TX,2.0999999046325684,2,2025-10-05,2025-10-17,6501.99,1000,denied,34.0,False
CLM-0000000033,POL-100400050,home,CA,3.0999999046325684,3,2026-02-14,2026-02-14,47821.45,1000,approved,11.0,False
CLM-0000000034,POL-100419478,renters,OH,3.5,0,2025-07-06,2025-07-17,7695.19,500,approved,20.0,False
CLM-0000000035,POL-100402468,business,AZ,3.0999999046325684,2,2026-05-29,2026-06-02,151257.21,5000,approved,10.0,False
CLM-0000000036,POL-100368142,business,CA,14.699999809265137,1,2025-02-24,2025-03-09,78228.93,5000,approved,34.0,False
CLM-0000000037,POL-100436395,property,CA,0.20000000298023224,1,2022-12-20,2023-01-02,14975.16,5000,denied,21.0,False
CLM-0000000038,POL-100218809,renters,FL,1.2999999523162842,1,2022-03-11,2022-03-24,1438.49,500,approved,23.0,False
CLM-0000000039,POL-100195414,auto,AL,1.7000000476837158,0,2021-05-01,2021-05-08,4894.1,1000,under_review,12.0,False
CLM-0000000040,POL-100416353,home,PA,0.10000000149011612,1,2026-05-10,2026-05-21,102641.21,2500,under_review,14.0,False
CLM-0000000041,POL-100299939,business,PA,12.800000190734863,0,2022-09-14,2022-09-18,128305.84,5000,approved,5.0,False
CLM-0000000042,POL-100108030,home,NY,1.2999999523162842,1,2022-10-15,2022-10-22,42805.17,5000,approved,15.0,False
CLM-0000000043,POL-100236174,renters,AZ,5.599999904632568,0,2024-12-24,2025-01-03,6128.38,500,under_review,26.0,False
CLM-0000000044,POL-100425396,home,CA,18.299999237060547,1,2025-07-09,2025-07-13,11465.28,5000,approved,9.0,False
CLM-0000000045,POL-100225356,property,OH,6.900000095367432,0,2022-11-09,2022-11-18,38687.59,2500,approved,26.0,False
CLM-0000000046,POL-100289633,auto,NC,1.0,0,2025-02-20,2025-03-02,6174.78,1500,approved,12.0,False
CLM-0000000047,POL-100003563,auto,VA,0.30000001192092896,0,2021-06-19,2021-06-26,11997.9,500,pending,,False
CLM-0000000048,POL-100385225,auto,TX,1.100000023841858,2,2023-02-02,2023-02-16,35401.18,1000,approved,29.0,False
CLM-0000000049,POL-100191778,property,NY,3.5999999046325684,2,2021-02-20,2021-02-27,24284.5,5000,pending,,False
CLM-0000000050,POL-100391596,property,VA,1.0,1,2023-08-27,2023-09-07,51745.05,2500,approved,23.0,False
CLM-0000000051,POL-100251872,home,NJ,4.199999809265137,3,2025-04-13,2025-04-23,50739.52,5000,approved,17.0,False
CLM-0000000052,POL-100453200,home,PA,2.0,1,2025-10-26,2025-10-26,26328.71,2500,approved,20.0,False
CLM-0000000053,POL-100263868,auto,OH,5.699999809265137,2,2021-03-19,2021-03-27,18963.63,1000,approved,17.0,False
CLM-0000000054,POL-100067639,home,TX,0.6000000238418579,0,2023-08-02,2023-08-03,16112.06,5000,approved,16.0,False
CLM-0000000055,POL-100457766,auto,CA,4.400000095367432,1,2022-12-08,2022-12-18,3101.09,500,approved,19.0,False
CLM-0000000056,POL-100225590,business,CA,8.800000190734863,0,2023-05-29,2023-06-07,37153.46,10000,approved,18.0,False
CLM-0000000057,POL-100257561,home,TX,2.5,0,2022-09-03,2022-09-03,21675.79,1000,approved,12.0,False
CLM-0000000058,POL-100164189,auto,FL,9.399999618530273,0,2026-03-22,2026-04-04,7967.29,1500,approved,18.0,False
CLM-0000000059,POL-100414528,renters,NV,4.099999904632568,0,2021-01-24,2021-01-24,1356.72,1000,approved,9.0,False
CLM-0000000060,POL-100052029,business,NY,2.700000047683716,0,2023-03-08,2023-03-20,62486.01,10000,under_review,13.0,False
CLM-0000000061,POL-100076419,home,TX,1.7999999523162842,0,2021-08-04,2021-08-06,6092.62,1000,approved,6.0,False
CLM-0000000062,POL-100128352,business,TX,3.0999999046325684,0,2026-07-02,2026-07-09,25144.16,5000,under_review,11.0,False
CLM-0000000063,POL-100317316,home,IN,6.199999809265137,0,2022-08-23,2022-09-02,51817.4,1000,under_review,19.0,True
CLM-0000000064,POL-100472078,auto,TX,1.600000023841858,0,2023-01-04,2023-01-11,5735.1,1500,approved,21.0,False
CLM-0000000065,POL-100178453,home,LA,2.200000047683716,1,2022-03-25,2022-04-06,35037.51,2500,pending,,False
CLM-0000000066,POL-100074071,business,CA,4.199999809265137,1,2025-12-30,2026-01-05,151671.11,2500,approved,25.0,False
CLM-0000000067,POL-100360564,auto,TX,0.10000000149011612,1,2023-10-16,2023-10-29,21130.39,1000,under_review,16.0,True
CLM-0000000068,POL-100203991,home,IN,0.20000000298023224,0,2025-05-30,2025-06-01,34746.76,2500,approved,13.0,False
CLM-0000000069,POL-100156181,renters,NJ,2.4000000953674316,0,2026-05-02,2026-05-11,6616.63,250,pending,,False
CLM-0000000070,POL-100070372,business,IN,1.100000023841858,0,2022-02-18,2022-02-28,239197.4,2500,denied,32.0,True
CLM-0000000071,POL-100276325,home,CO,1.7999999523162842,0,2025-05-05,2025-05-07,31389.19,1000,approved,12.0,False
CLM-0000000072,POL-100069970,business,CA,8.800000190734863,2,2022-03-09,2022-03-17,57209.8,2500,approved,23.0,False
CLM-0000000073,POL-100019784,renters,NC,2.5,0,2024-10-03,2024-10-10,13610.61,500,approved,22.0,False
CLM-0000000074,POL-100275084,home,CT,2.0999999046325684,0,2022-07-08,2022-07-13,37277.49,5000,approved,10.0,False
CLM-0000000075,POL-100207910,renters,TX,4.300000190734863,0,2022-06-24,2022-07-03,1812.65,250,approved,16.0,False
CLM-0000000076,POL-100050942,business,TX,1.399999976158142,2,2022-10-25,2022-11-04,164448.29,2500,pending,,False
CLM-0000000077,POL-100202714,home,WA,11.0,0,2022-07-23,2022-08-04,11327.23,2500,approved,23.0,False
CLM-0000000078,POL-100073312,business,TX,0.699999988079071,2,2021-06-17,2021-06-29,98312.45,10000,approved,24.0,False
CLM-0000000079,POL-100430966,property,CA,11.300000190734863,2,2025-11-16,2025-11-28,10455.1,2500,approved,23.0,False
CLM-0000000080,POL-100499376,home,AL,4.199999809265137,0,2025-03-01,2025-03-04,22688.33,5000,approved,22.0,False
CLM-0000000081,POL-100243107,home,PA,2.0,2,2025-06-20,2025-06-21,15747.59,1000,approved,12.0,False
CLM-0000000082,POL-100400354,business,CO,1.0,1,2021-11-27,2021-12-09,73291.12,10000,approved,17.0,False
CLM-0000000083,POL-100182938,business,OR,1.7000000476837158,2,2023-01-18,2023-01-28,114286.98,10000,under_review,33.0,False
CLM-0000000084,POL-100472513,property,AZ,1.7000000476837158,2,2021-04-14,2021-04-26,16017.79,1000,approved,16.0,False
CLM-0000000085,POL-100497896,home,CA,0.10000000149011612,0,2024-02-06,2024-02-14,35006.03,5000,approved,36.0,False
CLM-0000000086,POL-100237025,auto,OR,2.9000000953674316,0,2025-02-27,2025-03-09,8604.24,500,approved,12.0,False
CLM-0000000087,POL-100170270,auto,KY,3.0,1,2022-08-22,2022-08-24,9734.82,1000,approved,8.0,False
CLM-0000000088,POL-100012000,property,PA,18.200000762939453,0,2023-06-01,2023-06-01,35779.93,2500,under_review,5.0,False
CLM-0000000089,POL-100127140,property,NY,0.699999988079071,2,2026-02-02,2026-02-12,85403.49,2500,denied,41.0,True
CLM-0000000090,POL-100115561,renters,NC,2.5999999046325684,2,2024-11-25,2024-12-04,2921.53,1000,approved,19.0,False
CLM-0000000091,POL-100311728,renters,TX,0.4000000059604645,3,2021-04-30,2021-04-30,3953.79,1000,approved,31.0,False
CLM-0000000092,POL-100185612,auto,NY,0.6000000238418579,3,2023-07-13,2023-07-26,6762.32,500,under_review,17.0,False
CLM-0000000093,POL-100244540,renters,TX,1.899999976158142,2,2025-07-20,2025-07-28,3956.46,250,approved,25.0,False
CLM-0000000094,POL-100273995,home,GA,1.899999976158142,1,2021-04-21,2021-04-24,35567.34,1000,approved,17.0,False
CLM-0000000095,POL-100125995,renters,CT,0.30000001192092896,0,2022-01-26,2022-02-08,2403.05,250,denied,22.0,True
CLM-0000000096,POL-100116631,home,NY,13.5,0,2022-01-06,2022-01-20,30725.2,5000,pending,,True
CLM-0000000097,POL-100239066,auto,NY,0.4000000059604645,0,2026-02-21,2026-03-02,6678.12,1000,approved,17.0,False
CLM-0000000098,POL-100463266,home,FL,1.100000023841858,0,2024-08-15,2024-08-23,13054.44,5000,approved,21.0,False
CLM-0000000099,POL-100259756,home,NJ,0.5,0,2022-11-19,2022-11-26,33306.5,2500,under_review,18.0,True
CLM-0000000100,POL-100155089,auto,CA,2.4000000953674316,0,2022-12-12,2022-12-16,11380.84,1500,approved,12.0,False
CLM-0000000101,POL-100376247,home,OH,4.0,0,2023-07-06,2023-07-20,82583.12,2500,denied,18.0,True
CLM-0000000102,POL-100095412,auto,TN,1.7000000476837158,0,2021-01-25,2021-01-31,11567.27,1000,approved,27.0,False
CLM-0000000103,POL-100296524,home,LA,1.399999976158142,1,2022-05-10,2022-05-20,61204.8,1000,pending,,False
CLM-0000000104,POL-100179428,property,GA,1.399999976158142,0,2026-03-23,2026-03-30,36673.84,1000,approved,13.0,False
CLM-0000000105,POL-100427664,auto,UT,0.6000000238418579,0,2022-10-19,2022-10-24,20199.23,500,under_review,9.0,True
CLM-0000000106,POL-100336585,property,SC,7.900000095367432,1,2022-12-17,2022-12-24,21496.91,2500,under_review,25.0,False
CLM-0000000107,POL-100196287,renters,GA,6.699999809265137,2,2023-11-05,2023-11-13,3038.42,1000,under_review,13.0,False
CLM-0000000108,POL-100090877,renters,MI,7.699999809265137,1,2021-01-21,2021-02-01,1412.84,1000,pending,,False
CLM-0000000109,POL-100408953,home,WA,1.399999976158142,0,2022-11-30,2022-12-04,17336.94,1000,approved,11.0,False
CLM-0000000110,POL-100077461,home,MO,5.900000095367432,1,2023-08-23,2023-09-05,8544.83,2500,approved,21.0,False
CLM-0000000111,POL-100264512,auto,OR,3.200000047683716,0,2025-11-29,2025-12-06,7860.89,1500,pending,,False
CLM-0000000112,POL-100016151,home,MN,5.300000190734863,0,2023-02-06,2023-02-08,27190.23,5000,approved,21.0,False
CLM-0000000113,POL-100207116,auto,FL,5.900000095367432,1,2024-05-09,2024-05-16,13504.87,1500,pending,,False
CLM-0000000114,POL-100478531,home,CA,8.199999809265137,1,2024-10-18,2024-10-23,15680.59,1000,approved,12.0,False
CLM-0000000115,POL-100082716,auto,CA,20.5,2,2025-06-19,2025-06-26,1586.86,1500,under_review,9.0,False
CLM-0000000116,POL-100375731,auto,CA,10.199999809265137,1,2023-07-22,2023-07-28,7065.92,1500,approved,16.0,False
CLM-0000000117,POL-100043304,auto,MO,4.800000190734863,2,2025-04-23,2025-05-04,4195.57,500,approved,19.0,False
CLM-0000000118,POL-100340731,property,MA,5.599999904632568,2,2025-06-18,2025-06-20,72033.26,1000,denied,16.0,True
CLM-0000000119,POL-100087544,auto,MN,0.10000000149011612,1,2022-06-24,2022-07-01,9904.98,1000,approved,23.0,False
CLM-0000000120,POL-100052006,business,NJ,0.20000000298023224,2,2026-07-17,2026-07-21,98638.81,2500,denied,11.0,False
CLM-0000000121,POL-100341599,home,FL,2.200000047683716,0,2024-08-13,2024-08-18,32646.86,1000,approved,24.0,False
CLM-0000000122,POL-100426717,renters,IL,1.399999976158142,0,2024-07-31,2024-08-05,2456.2,250,denied,13.0,False
CLM-0000000123,POL-100008762,home,OH,14.399999618530273,2,2026-01-31,2026-02-03,53571.19,2500,denied,19.0,True
CLM-0000000124,POL-100341842,home,TN,14.699999809265137,1,2025-03-03,2025-03-05,31545.8,1000,approved,3.0,False
CLM-0000000125,POL-100019984,home,GA,7.800000190734863,0,2022-09-17,2022-09-26,8362.99,1000,approved,14.0,False
CLM-0000000126,POL-100259777,property,VA,2.299999952316284,4,2025-06-28,2025-07-11,43889.24,1000,approved,32.0,False
CLM-0000000127,POL-100074476,auto,GA,2.5,0,2021-05-29,2021-06-08,14730.59,1000,denied,12.0,False
CLM-0000000128,POL-100212568,home,MA,2.700000047683716,0,2024-08-05,2024-08-13,18972.29,5000,under_review,29.0,False
CLM-0000000129,POL-100101389,auto,GA,10.0,0,2023-04-17,2023-04-30,4335.4,1000,approved,16.0,False
CLM-0000000130,POL-100063850,auto,FL,7.199999809265137,1,2022-10-06,2022-10-15,19761.17,1000,approved,22.0,False
CLM-0000000131,POL-100436887,home,FL,12.100000381469727,0,2023-06-21,2023-06-27,150000.0,5000,approved,20.0,False
CLM-0000000132,POL-100007134,home,WV,9.600000381469727,0,2025-06-04,2025-06-04,59901.53,2500,pending,,False
CLM-0000000133,POL-100347045,auto,CO,3.200000047683716,0,2025-07-12,2025-07-16,5853.91,500,approved,19.0,False
CLM-0000000134,POL-100017331,auto,CO,7.199999809265137,1,2022-01-05,2022-01-15,8667.9,500,approved,24.0,False
CLM-0000000135,POL-100043607,auto,TX,1.5,3,2026-05-15,2026-05-19,11649.94,500,approved,18.0,False
CLM-0000000136,POL-100136643,home,TN,0.699999988079071,0,2022-07-22,2022-07-31,16003.49,5000,under_review,28.0,False
CLM-0000000137,POL-100229778,auto,MI,5.599999904632568,1,2022-12-30,2023-01-08,3234.72,1000,approved,24.0,False
CLM-0000000138,POL-100095085,auto,IL,0.800000011920929,0,2023-02-03,2023-02-11,3938.39,1500,approved,9.0,False
CLM-0000000139,POL-100086174,property,VA,8.199999809265137,0,2021-12-02,2021-12-04,45780.87,5000,pending,,False
CLM-0000000140,POL-100051177,property,VA,3.9000000953674316,2,2022-07-12,2022-07-18,120736.58,2500,denied,30.0,True
CLM-0000000141,POL-100060298,property,TX,7.699999809265137,0,2021-08-28,2021-09-07,49120.32,1000,approved,32.0,False
CLM-0000000142,POL-100050030,home,MD,4.400000095367432,0,2024-10-01,2024-10-05,38360.03,2500,approved,22.0,False
CLM-0000000143,POL-100150659,auto,FL,5.800000190734863,1,2025-04-13,2025-04-14,7032.95,500,under_review,18.0,False
CLM-0000000144,POL-100332767,auto,CA,3.9000000953674316,1,2025-08-31,2025-09-11,2467.02,1000,approved,32.0,False
CLM-0000000145,POL-100127131,auto,MN,0.800000011920929,1,2026-06-06,2026-06-18,5198.92,1000,under_review,21.0,False
CLM-0000000146,POL-100143520,business,NM,19.399999618530273,1,2024-06-18,2024-06-28,182415.26,5000,approved,13.0,False
CLM-0000000147,POL-100197989,home,FL,1.100000023841858,2,2026-07-12,2026-07-17,48168.2,5000,under_review,13.0,True
CLM-0000000148,POL-100248557,auto,NY,2.0999999046325684,1,2023-11-26,2023-12-09,5085.28,1000,approved,15.0,False
CLM-0000000149,POL-100195587,business,MD,1.100000023841858,0,2023-01-05,2023-01-12,176599.56,2500,denied,16.0,False
CLM-0000000150,POL-100242476,auto,WA,5.699999809265137,0,2021-08-05,2021-08-11,7122.25,500,approved,8.0,False
CLM-0000000151,POL-100290346,auto,FL,2.9000000953674316,1,2022-04-11,2022-04-22,2336.23,1000,approved,25.0,False
CLM-0000000152,POL-100455673,business,MA,0.20000000298023224,0,2026-01-19,2026-01-27,101767.32,5000,approved,11.0,False
CLM-0000000153,POL-100273660,renters,GA,3.9000000953674316,0,2023-03-04,2023-03-11,2485.92,500,pending,,False
CLM-0000000154,POL-100414253,home,MD,0.8999999761581421,0,2023-11-15,2023-11-17,14939.26,5000,approved,3.0,False
CLM-0000000155,POL-100078636,auto,MO,2.5,1,2022-06-19,2022-06-30,4027.12,1000,approved,19.0,False
CLM-0000000156,POL-100409267,renters,TX,10.300000190734863,0,2023-03-06,2023-03-15,5960.11,250,approved,16.0,False
CLM-0000000157,POL-100048653,business,PA,0.5,1,2022-06-07,2022-06-09,171634.18,10000,under_review,5.0,True
CLM-0000000158,POL-100011181,home,WA,11.699999809265137,0,2022-09-06,2022-09-16,42150.27,2500,approved,32.0,False
CLM-0000000159,POL-100308247,renters,NV,0.6000000238418579,0,2021-11-02,2021-11-10,2821.22,500,pending,,False
CLM-0000000160,POL-100060718,auto,OH,1.399999976158142,0,2021-02-18,2021-02-28,2746.81,500,approved,14.0,False
CLM-0000000161,POL-100324882,home,IN,5.5,2,2024-10-30,2024-11-07,10139.13,2500,approved,22.0,False
CLM-0000000162,POL-100488503,renters,FL,1.7999999523162842,3,2026-01-09,2026-01-20,6179.4,500,approved,16.0,False
CLM-0000000163,POL-100368257,renters,PA,0.6000000238418579,1,2022-08-01,2022-08-08,4153.7,500,approved,24.0,False
CLM-0000000164,POL-100326109,home,CA,0.4000000059604645,0,2021-04-29,2021-05-03,14335.04,1000,under_review,28.0,False
CLM-0000000165,POL-100326697,auto,KS,1.399999976158142,1,2024-04-22,2024-05-05,8803.32,500,approved,26.0,False
CLM-0000000166,POL-100130352,home,WA,2.0,1,2025-01-01,2025-01-10,16632.16,2500,approved,14.0,False
CLM-0000000167,POL-100480626,home,NC,0.20000000298023224,0,2023-01-18,2023-01-31,54172.16,5000,approved,26.0,False
CLM-0000000168,POL-100477956,auto,CT,1.399999976158142,0,2024-10-14,2024-10-26,4550.04,500,approved,30.0,False
CLM-0000000169,POL-100037280,auto,WA,3.200000047683716,0,2022-05-26,2022-05-26,16307.03,500,approved,14.0,False
CLM-0000000170,POL-100187269,home,AZ,0.4000000059604645,3,2025-09-27,2025-10-07,16037.74,1000,under_review,16.0,False
CLM-0000000171,POL-100402163,home,MD,10.300000190734863,0,2024-03-15,2024-03-23,12349.95,2500,approved,12.0,False
CLM-0000000172,POL-100012019,renters,CA,4.099999904632568,2,2023-06-29,2023-07-09,2448.53,1000,approved,21.0,False
CLM-0000000173,POL-100191976,home,CO,1.7000000476837158,1,2026-05-12,2026-05-22,11076.77,1000,approved,17.0,False
CLM-0000000174,POL-100103843,home,TX,0.0,1,2024-07-10,2024-07-21,43979.87,2500,approved,18.0,False
CLM-0000000175,POL-100045213,property,PA,4.599999904632568,1,2021-06-19,2021-06-27,96897.42,5000,approved,19.0,False
CLM-0000000176,POL-100310152,property,MI,0.6000000238418579,2,2022-11-20,2022-11-28,47127.52,1000,approved,16.0,False
CLM-0000000177,POL-100010760,renters,TX,0.4000000059604645,0,2023-10-18,2023-10-22,3071.47,250,approved,17.0,False
CLM-0000000178,POL-100197447,renters,TX,1.7999999523162842,0,2024-08-15,2024-08-23,4081.49,500,approved,20.0,False
CLM-0000000179,POL-100229314,home,CO,9.899999618530273,1,2025-01-20,2025-01-30,25145.8,1000,approved,18.0,False
CLM-0000000180,POL-100365567,property,TX,15.600000381469727,0,2024-06-22,2024-07-04,58606.16,1000,approved,22.0,False
CLM-0000000181,POL-100207179,auto,OR,2.5,1,2024-09-07,2024-09-18,12082.44,1000,approved,24.0,False
CLM-0000000182,POL-100026693,business,KY,5.300000190734863,1,2026-06-05,2026-06-16,25405.51,10000,approved,20.0,False
CLM-0000000183,POL-100012939,auto,PA,9.300000190734863,1,2021-07-01,2021-07-07,8130.43,1000,approved,13.0,False
CLM-0000000184,POL-100381448,property,VA,1.2000000476837158,3,2021-06-10,2021-06-12,41443.89,5000,approved,23.0,False
CLM-0000000185,POL-100055975,auto,CO,4.599999904632568,1,2021-10-01,2021-10-07,15117.0,500,approved,21.0,False
CLM-0000000186,POL-100153339,auto,IN,13.199999809265137,3,2025-08-19,2025-08-29,5576.73,1000,approved,26.0,False
CLM-0000000187,POL-100224869,home,KS,0.6000000238418579,1,2026-04-30,2026-05-05,52841.11,1000,denied,14.0,True
CLM-0000000188,POL-100037499,auto,IL,2.0,0,2024-02-10,2024-02-14,13161.17,1000,approved,17.0,False
CLM-0000000189,POL-100342724,property,PA,0.800000011920929,0,2021-10-09,2021-10-21,21774.39,5000,approved,39.0,False
CLM-0000000190,POL-100130323,property,NY,3.200000047683716,0,2023-05-08,2023-05-18,58486.09,2500,denied,14.0,True
CLM-0000000191,POL-100286122,auto,NC,1.5,2,2021-10-08,2021-10-17,23100.98,1000,approved,22.0,False
CLM-0000000192,POL-100044802,home,CA,1.5,1,2021-01-09,2021-01-23,10094.38,1000,approved,22.0,False
CLM-0000000193,POL-100013880,auto,OR,0.8999999761581421,1,2026-03-02,2026-03-02,31772.83,500,denied,13.0,True
CLM-0000000194,POL-100436395,auto,CA,16.799999237060547,0,2022-05-24,2022-05-30,10310.51,1500,approved,18.0,False
CLM-0000000195,POL-100309131,auto,NY,3.0,4,2021-08-24,2021-08-27,10498.6,500,approved,7.0,False
CLM-0000000196,POL-100061157,home,NY,6.400000095367432,1,2024-01-27,2024-02-06,91176.73,1000,approved,15.0,False
CLM-0000000197,POL-100404512,auto,UT,7.199999809265137,0,2022-03-03,2022-03-16,3160.02,1000,approved,30.0,False
CLM-0000000198,POL-100043026,auto,OR,6.099999904632568,1,2022-02-01,2022-02-13,12864.06,1500,approved,17.0,False
CLM-0000000199,POL-100326530,auto,WI,4.0,0,2023-07-22,2023-07-24,22167.0,1500,approved,4.0,False
CLM-0000000200,POL-100279673,auto,WA,7.5,0,2021-06-29,2021-07-07,5810.73,500,approved,24.0,False
CLM-0000000201,POL-100335109,auto,IL,9.5,0,2024-11-11,2024-11-16,5416.83,500,approved,15.0,False
CLM-0000000202,POL-100142020,home,MI,18.0,1,2023-03-11,2023-03-22,18792.95,1000,approved,14.0,False
CLM-0000000203,POL-100087429,business,OH,4.0,0,2022-07-04,2022-07-13,500000.0,2500,under_review,14.0,False
CLM-0000000204,POL-100071777,auto,CA,6.099999904632568,0,2021-06-17,2021-06-24,15938.5,1500,approved,21.0,False
CLM-0000000205,POL-100277659,auto,WA,1.0,1,2024-10-07,2024-10-15,9601.17,1000,approved,13.0,False
CLM-0000000206,POL-100126230,business,TX,3.200000047683716,1,2024-03-18,2024-03-30,65812.38,2500,approved,29.0,False
CLM-0000000207,POL-100074939,auto,AL,0.6000000238418579,0,2022-10-16,2022-10-27,9548.93,1000,approved,12.0,False
CLM-0000000208,POL-100283694,home,MA,2.0,1,2026-02-03,2026-02-15,23165.59,1000,approved,21.0,False
CLM-0000000209,POL-100212118,auto,WA,1.5,1,2021-07-17,2021-07-27,3398.27,500,denied,17.0,False
CLM-0000000210,POL-100109929,renters,CO,1.0,3,2023-02-07,2023-02-19,1033.11,1000,approved,19.0,False
CLM-0000000211,POL-100122353,business,TX,2.799999952316284,3,2023-12-04,2023-12-09,80724.02,10000,pending,,False
CLM-0000000212,POL-100495153,home,FL,2.4000000953674316,2,2024-03-24,2024-04-03,21833.41,2500,under_review,36.0,False
CLM-0000000213,POL-100198813,property,NC,3.5,0,2024-07-22,2024-07-31,26749.88,5000,approved,23.0,False
CLM-0000000214,POL-100369652,property,MO,8.399999618530273,1,2023-03-09,2023-03-19,29322.74,2500,approved,13.0,False
CLM-0000000215,POL-100191815,property,IL,2.200000047683716,0,2025-06-06,2025-06-16,70309.8,5000,approved,44.0,False
CLM-0000000216,POL-100437286,home,TX,7.0,1,2023-09-09,2023-09-16,18613.56,1000,approved,30.0,False
CLM-0000000217,POL-100344540,auto,WI,17.299999237060547,2,2022-08-13,2022-08-14,6711.74,1000,approved,6.0,False
CLM-0000000218,POL-100299363,renters,IL,9.5,0,2024-11-06,2024-11-17,2518.93,250,approved,18.0,False
CLM-0000000219,POL-100103604,auto,TN,7.0,1,2025-09-14,2025-09-17,2870.26,1500,approved,24.0,False
CLM-0000000220,POL-100442619,home,TX,6.300000190734863,0,2025-01-22,2025-01-25,28028.78,2500,under_review,18.0,False
CLM-0000000221,POL-100300004,auto,OH,2.0,1,2021-05-07,2021-05-12,3296.98,1000,approved,8.0,False
CLM-0000000222,POL-100317848,auto,CA,2.0,0,2022-12-15,2022-12-29,10228.78,1000,pending,,False
CLM-0000000223,POL-100145779,auto,CA,2.299999952316284,0,2025-06-19,2025-06-19,13656.83,1500,under_review,1.0,False
CLM-0000000224,POL-100213096,home,TN,3.799999952316284,0,2022-04-08,2022-04-21,28497.79,5000,under_review,27.0,False
CLM-0000000225,POL-100373775,home,TX,0.30000001192092896,0,2021-06-15,2021-06-18,47532.76,5000,denied,8.0,True
CLM-0000000226,POL-100494100,business,CA,4.300000190734863,0,2025-03-18,2025-03-31,86381.72,5000,approved,29.0,False
CLM-0000000227,POL-100061632,business,FL,1.100000023841858,0,2022-07-07,2022-07-07,81091.55,10000,approved,14.0,False
CLM-0000000228,POL-100151962,property,OH,2.0999999046325684,4,2021-08-08,2021-08-08,91331.43,1000,approved,3.0,True
CLM-0000000229,POL-100017613,home,GA,11.600000381469727,0,2022-03-23,2022-03-31,24370.48,2500,approved,17.0,False
CLM-0000000230,POL-100052307,renters,CA,2.9000000953674316,0,2023-09-22,2023-10-05,2357.41,1000,denied,30.0,False
CLM-0000000231,POL-100485775,renters,TX,2.0,0,2021-08-16,2021-08-16,7075.28,250,approved,13.0,False
CLM-0000000232,POL-100222764,auto,OH,3.4000000953674316,1,2022-09-24,2022-10-01,7320.07,1500,approved,21.0,False
CLM-0000000233,POL-100118413,auto,NY,0.10000000149011612,0,2026-06-05,2026-06-07,10117.33,500,approved,4.0,False
CLM-0000000234,POL-100251520,renters,NY,19.299999237060547,5,2022-07-23,2022-07-28,1932.25,250,approved,28.0,False
CLM-0000000235,POL-100094341,home,OK,5.099999904632568,0,2024-02-05,2024-02-09,34838.69,2500,under_review,28.0,False
CLM-0000000236,POL-100350260,auto,OK,5.800000190734863,1,2023-03-19,2023-03-27,15408.62,500,approved,12.0,False
CLM-0000000237,POL-100001835,home,OH,6.699999809265137,0,2021-06-29,2021-07-11,13625.99,5000,approved,20.0,False
CLM-0000000238,POL-100074856,renters,OK,5.5,0,2021-06-05,2021-06-16,5881.38,500,approved,28.0,False
CLM-0000000239,POL-100285618,property,CA,5.599999904632568,1,2023-09-22,2023-09-26,14147.89,5000,approved,12.0,False
CLM-0000000240,POL-100470175,auto,TX,3.799999952316284,1,2024-05-31,2024-06-04,4711.74,500,approved,11.0,False
CLM-0000000241,POL-100287782,property,TX,4.300000190734863,0,2025-03-01,2025-03-07,115970.81,1000,approved,24.0,False
CLM-0000000242,POL-100492269,auto,FL,12.899999618530273,0,2025-06-13,2025-06-13,18276.95,1000,approved,23.0,False
CLM-0000000243,POL-100072563,auto,CA,12.899999618530273,0,2023-12-18,2023-12-29,18773.46,500,pending,,False
CLM-0000000244,POL-100458472,business,OK,0.5,0,2022-10-08,2022-10-19,63097.12,2500,approved,14.0,False
CLM-0000000245,POL-100304517,renters,ID,3.4000000953674316,2,2023-03-29,2023-04-12,7028.79,500,approved,22.0,False
CLM-0000000246,POL-100374009,auto,GA,2.4000000953674316,0,2022-02-07,2022-02-12,11172.19,1000,approved,12.0,False
CLM-0000000247,POL-100342277,property,LA,0.4000000059604645,2,2023-12-18,2023-12-19,49094.91,5000,under_review,10.0,False
CLM-0000000248,POL-100153415,home,NY,11.399999618530273,0,2023-09-15,2023-09-24,10427.59,1000,approved,10.0,False
CLM-0000000249,POL-100280196,home,MI,9.0,0,2025-01-17,2025-01-27,48209.58,5000,denied,11.0,False
CLM-0000000250,POL-100222113,property,WI,10.0,0,2021-02-19,2021-02-23,17545.44,1000,denied,8.0,False
CLM-0000000251,POL-100317015,auto,IN,1.7000000476837158,3,2022-07-16,2022-07-18,3266.02,1500,under_review,10.0,False
CLM-0000000252,POL-100481740,home,FL,2.5,1,2023-12-20,2023-12-27,29889.13,2500,approved,11.0,False
CLM-0000000253,POL-100288902,property,MO,5.199999809265137,0,2024-12-23,2025-01-01,106279.2,1000,approved,33.0,False
CLM-0000000254,POL-100124974,business,KY,1.2999999523162842,1,2022-05-12,2022-05-12,123227.4,2500,approved,27.0,False
CLM-0000000255,POL-100227564,business,OH,0.4000000059604645,2,2024-02-15,2024-02-25,498162.03,2500,approved,12.0,False
CLM-0000000256,POL-100272973,home,CA,4.099999904632568,0,2024-02-26,2024-03-08,75690.74,5000,approved,24.0,False
CLM-0000000257,POL-100244844,property,CA,9.199999809265137,1,2022-08-28,2022-09-04,23195.21,1000,approved,39.0,False
CLM-0000000258,POL-100452621,home,FL,3.200000047683716,1,2021-09-01,2021-09-14,88780.75,2500,approved,26.0,False
CLM-0000000259,POL-100274993,auto,PA,9.399999618530273,0,2026-05-21,2026-05-25,27422.07,500,approved,6.0,False
CLM-0000000260,POL-100321934,renters,GA,2.0,0,2023-05-18,2023-05-22,7365.94,1000,denied,26.0,True
CLM-0000000261,POL-100173319,property,TX,18.5,0,2021-05-08,2021-05-14,46433.03,2500,approved,12.0,False
CLM-0000000262,POL-100231088,property,CO,4.0,1,2023-06-26,2023-06-26,18643.03,2500,approved,8.0,False
CLM-0000000263,POL-100181137,auto,WI,2.299999952316284,0,2025-03-23,2025-03-27,10125.85,1500,approved,13.0,False
CLM-0000000264,POL-100312024,business,SC,6.699999809265137,1,2024-11-20,2024-11-23,177257.08,2500,approved,6.0,False
CLM-0000000265,POL-100401612,auto,TN,0.10000000149011612,2,2025-05-20,2025-06-01,14322.44,500,approved,19.0,False
CLM-0000000266,POL-100273966,auto,TX,0.8999999761581421,0,2024-12-29,2025-01-07,11010.36,1500,pending,,False
CLM-0000000267,POL-100251720,auto,IN,0.800000011920929,1,2026-05-17,2026-05-29,8777.69,1500,approved,25.0,False
CLM-0000000268,POL-100327272,auto,SC,20.700000762939453,0,2026-07-24,2026-08-07,14256.35,1500,approved,21.0,False
CLM-0000000269,POL-100422911,auto,CO,0.10000000149011612,0,2021-09-11,2021-09-24,6032.76,1500,pending,,True
CLM-0000000270,POL-100011341,home,AZ,4.0,2,2024-05-25,2024-05-29,17753.67,5000,under_review,12.0,False
CLM-0000000271,POL-100082204,property,MO,4.400000095367432,3,2025-06-28,2025-07-06,65439.27,1000,approved,40.0,False
CLM-0000000272,POL-100079777,auto,NY,15.100000381469727,0,2025-06-09,2025-06-14,4821.83,1500,denied,27.0,False
CLM-0000000273,POL-100481874,business,TX,5.0,1,2025-04-13,2025-04-24,42304.95,2500,approved,36.0,False
CLM-0000000274,POL-100475640,home,FL,4.5,1,2025-11-16,2025-11-17,36260.19,1000,approved,31.0,False
CLM-0000000275,POL-100491523,auto,CA,10.600000381469727,1,2021-09-18,2021-10-01,4213.15,500,approved,19.0,False
CLM-0000000276,POL-100165336,business,UT,4.599999904632568,0,2022-11-02,2022-11-03,119357.88,10000,approved,27.0,False
CLM-0000000277,POL-100052895,home,VA,3.5,0,2024-12-25,2024-12-29,63159.0,1000,denied,16.0,True
CLM-0000000278,POL-100493275,home,NV,4.800000190734863,0,2026-07-15,2026-07-19,41564.39,5000,approved,11.0,False
CLM-0000000279,POL-100078235,home,GA,5.099999904632568,0,2025-08-06,2025-08-12,23547.92,5000,approved,13.0,False
CLM-0000000280,POL-100003093,renters,OR,4.099999904632568,0,2024-07-23,2024-07-29,5910.67,500,approved,27.0,False
CLM-0000000281,POL-100027207,home,MA,12.899999618530273,0,2023-04-04,2023-04-18,36288.66,2500,denied,22.0,False
CLM-0000000282,POL-100408079,business,TX,1.600000023841858,1,2024-07-11,2024-07-18,98062.9,10000,approved,10.0,False
CLM-0000000283,POL-100167405,renters,TX,1.100000023841858,0,2021-02-10,2021-02-18,5066.54,250,approved,20.0,False
CLM-0000000284,POL-100345277,auto,TX,3.5999999046325684,1,2025-06-19,2025-06-27,6238.19,1000,pending,,False
CLM-0000000285,POL-100492586,auto,VA,0.6000000238418579,1,2026-06-03,2026-06-09,6948.52,1000,approved,12.0,False
CLM-0000000286,POL-100209403,home,VA,1.2000000476837158,0,2021-12-22,2021-12-25,14189.79,5000,approved,32.0,False
CLM-0000000287,POL-100173829,property,NC,1.7000000476837158,1,2025-04-11,2025-04-23,32990.02,1000,approved,17.0,False
CLM-0000000288,POL-100134285,renters,CA,7.300000190734863,2,2025-07-13,2025-07-21,6500.75,500,approved,17.0,False
CLM-0000000289,POL-100439690,auto,MD,4.800000190734863,0,2021-04-21,2021-04-25,8510.12,500,approved,15.0,False
CLM-0000000290,POL-100092919,auto,NY,4.300000190734863,0,2023-04-22,2023-04-24,5156.75,1500,approved,8.0,False
CLM-0000000291,POL-100373228,business,NY,1.7000000476837158,0,2026-04-19,2026-04-22,162298.61,10000,approved,8.0,False
CLM-0000000292,POL-100144569,auto,CA,7.300000190734863,1,2023-01-14,2023-01-19,4004.63,500,under_review,14.0,False
CLM-0000000293,POL-100475563,renters,FL,0.8999999761581421,2,2022-01-27,2022-02-10,2414.08,500,approved,23.0,False
CLM-0000000294,POL-100130348,auto,MD,1.0,0,2026-02-05,2026-02-07,3379.29,1000,approved,6.0,False
CLM-0000000295,POL-100435947,home,GA,7.699999809265137,2,2021-02-18,2021-02-18,20042.09,1000,under_review,5.0,False
CLM-0000000296,POL-100365486,business,MA,1.7999999523162842,0,2025-05-03,2025-05-05,37272.54,10000,approved,8.0,False
CLM-0000000297,POL-100150245,renters,IL,1.399999976158142,1,2022-11-11,2022-11-23,5114.23,250,under_review,15.0,False
CLM-0000000298,POL-100171291,auto,CO,1.600000023841858,0,2025-04-17,2025-04-17,3022.02,500,approved,2.0,False
CLM-0000000299,POL-100444347,auto,NY,13.300000190734863,2,2022-02-06,2022-02-14,19034.89,500,approved,21.0,False
CLM-0000000300,POL-100017206,property,NE,5.400000095367432,0,2025-09-11,2025-09-13,12455.85,5000,approved,7.0,False
CLM-0000000301,POL-100250748,auto,PA,30.0,0,2021-06-04,2021-06-05,2308.56,1000,approved,11.0,False
CLM-0000000302,POL-100202164,auto,IN,8.899999618530273,0,2022-03-21,2022-03-30,9970.9,1000,approved,40.0,False
CLM-0000000303,POL-100306566,home,MI,5.699999809265137,0,2022-06-22,2022-06-23,24503.89,1000,approved,19.0,False
CLM-0000000304,POL-100115881,home,WI,6.800000190734863,2,2026-01-30,2026-01-31,30494.84,1000,approved,15.0,False
CLM-0000000305,POL-100454794,home,GA,4.199999809265137,1,2026-02-04,2026-02-10,10266.34,5000,approved,7.0,False
CLM-0000000306,POL-100047459,home,MD,12.199999809265137,2,2025-09-15,2025-09-26,22061.82,2500,approved,44.0,False
CLM-0000000307,POL-100115052,home,FL,4.5,2,2025-11-24,2025-11-26,61036.64,2500,denied,11.0,False
CLM-0000000308,POL-100199627,property,IN,3.200000047683716,1,2021-08-25,2021-09-04,27746.91,2500,approved,28.0,False
CLM-0000000309,POL-100080568,property,IA,0.800000011920929,1,2022-01-16,2022-01-22,36982.38,5000,approved,12.0,False
CLM-0000000310,POL-100302015,renters,CA,0.699999988079071,0,2026-07-25,2026-08-03,1323.06,1000,approved,26.0,False
CLM-0000000311,POL-100319630,home,IL,2.5,0,2026-04-25,2026-04-28,14536.03,5000,approved,28.0,False
CLM-0000000312,POL-100487145,renters,FL,0.10000000149011612,1,2023-02-12,2023-02-25,2805.15,500,denied,15.0,True
CLM-0000000313,POL-100077677,business,CA,1.7999999523162842,2,2025-07-07,2025-07-19,251409.9,10000,approved,18.0,False
CLM-0000000314,POL-100396891,renters,TX,0.20000000298023224,3,2024-01-09,2024-01-23,7443.44,500,approved,16.0,False
CLM-0000000315,POL-100022055,property,AZ,0.20000000298023224,3,2025-10-03,2025-10-11,15119.24,1000,approved,15.0,False
CLM-0000000316,POL-100224117,business,OR,1.2999999523162842,1,2024-11-08,2024-11-21,36244.85,5000,approved,21.0,False
CLM-0000000317,POL-100236886,home,AL,0.5,0,2024-10-27,2024-11-09,29246.42,5000,approved,20.0,False
CLM-0000000318,POL-100024818,home,NV,2.299999952316284,2,2021-08-12,2021-08-12,23146.35,2500,approved,13.0,False
CLM-0000000319,POL-100439095,home,KY,2.5999999046325684,1,2022-04-18,2022-04-29,10161.89,1000,approved,14.0,False
CLM-0000000320,POL-100129655,auto,MI,1.7000000476837158,1,2023-03-31,2023-04-12,21491.44,1000,approved,18.0,False
CLM-0000000321,POL-100498074,auto,MD,2.799999952316284,0,2021-10-08,2021-10-09,7072.97,500,pending,,False
CLM-0000000322,POL-100013581,home,AZ,3.9000000953674316,1,2024-01-06,2024-01-06,28054.8,5000,approved,15.0,False
CLM-0000000323,POL-100168828,auto,MD,0.4000000059604645,0,2026-01-12,2026-01-25,5473.78,500,approved,43.0,False
CLM-0000000324,POL-100107400,property,MI,1.2000000476837158,2,2025-12-29,2026-01-03,23324.5,5000,approved,10.0,False
CLM-0000000325,POL-100093723,renters,CO,3.700000047683716,0,2023-09-06,2023-09-07,3325.0,1000,approved,13.0,False
CLM-0000000326,POL-100213358,auto,PA,2.0,2,2022-10-24,2022-11-05,10055.26,1000,under_review,24.0,False
CLM-0000000327,POL-100370599,renters,MD,1.899999976158142,1,2021-05-27,2021-06-05,2769.15,1000,approved,19.0,False
CLM-0000000328,POL-100281811,business,MS,3.5999999046325684,0,2021-10-21,2021-10-22,24605.86,2500,approved,16.0,False
CLM-0000000329,POL-100053572,renters,FL,4.699999809265137,0,2021-01-16,2021-01-21,11478.58,500,approved,16.0,False
CLM-0000000330,POL-100202482,property,MN,7.5,3,2023-04-17,2023-04-17,39126.67,2500,approved,1.0,False
CLM-0000000331,POL-100033185,home,AZ,4.199999809265137,0,2025-08-04,2025-08-16,34486.31,5000,approved,19.0,False
CLM-0000000332,POL-100212900,property,MS,2.0,2,2023-09-03,2023-09-08,36322.4,5000,approved,28.0,False
CLM-0000000333,POL-100200274,home,CA,0.6000000238418579,0,2025-03-10,2025-03-19,13765.81,1000,approved,22.0,False
CLM-0000000334,POL-100211650,auto,FL,4.5,2,2025-02-15,2025-02-28,13548.77,1500,approved,18.0,True
CLM-0000000335,POL-100112253,property,MO,5.599999904632568,2,2023-03-30,2023-04-10,10580.48,2500,approved,17.0,False
CLM-0000000336,POL-100084199,auto,TN,1.5,0,2022-01-11,2022-01-13,5692.54,1000,approved,11.0,False
CLM-0000000337,POL-100119002,business,WI,7.800000190734863,3,2023-12-02,2023-12-05,73288.73,5000,pending,,False
CLM-0000000338,POL-100235120,property,IL,5.699999809265137,0,2026-05-20,2026-05-24,46499.36,2500,approved,8.0,False
CLM-0000000339,POL-100074567,renters,CA,4.199999809265137,1,2021-05-06,2021-05-09,2890.5,1000,approved,10.0,False
CLM-0000000340,POL-100492995,business,IN,4.699999809265137,0,2022-09-21,2022-10-04,19191.78,10000,approved,30.0,False
CLM-0000000341,POL-100377648,auto,WV,0.6000000238418579,1,2024-12-27,2025-01-01,3937.83,1500,under_review,35.0,False
CLM-0000000342,POL-100491695,home,OR,0.20000000298023224,0,2021-05-09,2021-05-15,21136.96,1000,denied,23.0,False
CLM-0000000343,POL-100259620,home,PA,1.7999999523162842,2,2022-05-13,2022-05-18,26758.77,2500,approved,29.0,False
CLM-0000000344,POL-100409955,auto,NY,2.4000000953674316,0,2025-02-25,2025-03-11,8456.73,1500,approved,21.0,False
CLM-0000000345,POL-100153272,renters,NY,0.30000001192092896,1,2023-06-30,2023-07-05,3816.15,1000,pending,,False
CLM-0000000346,POL-100271312,home,IL,3.9000000953674316,0,2022-08-07,2022-08-17,4997.8,1000,pending,,False
CLM-0000000347,POL-100283193,auto,NM,1.600000023841858,0,2024-08-03,2024-08-14,14025.15,1500,approved,31.0,False
CLM-0000000348,POL-100152045,auto,UT,5.699999809265137,1,2022-02-27,2022-02-27,6946.63,1500,under_review,1.0,False
CLM-0000000349,POL-100170288,business,FL,2.0999999046325684,2,2022-12-22,2022-12-29,223098.63,10000,approved,14.0,False
CLM-0000000350,POL-100484836,home,WV,2.0,1,2022-04-30,2022-05-03,13275.43,5000,under_review,4.0,False
CLM-0000000351,POL-100232980,property,NC,2.799999952316284,0,2024-04-30,2024-05-14,22902.29,1000,approved,25.0,False
CLM-0000000352,POL-100004434,home,CA,2.5,0,2025-09-12,2025-09-22,47182.22,5000,approved,19.0,False
CLM-0000000353,POL-100316651,auto,FL,4.300000190734863,2,2026-04-23,2026-05-01,4756.89,1000,under_review,12.0,False
CLM-0000000354,POL-100370346,auto,OK,0.5,2,2026-07-05,2026-07-19,5854.34,1000,approved,24.0,False
CLM-0000000355,POL-100386207,home,NJ,2.0999999046325684,0,2022-11-20,2022-11-25,32421.22,1000,approved,12.0,False
CLM-0000000356,POL-100090325,business,AZ,1.2000000476837158,0,2024-07-08,2024-07-18,110647.97,5000,approved,18.0,False
CLM-0000000357,POL-100327674,auto,AR,1.100000023841858,0,2021-01-29,2021-02-11,6803.6,1000,approved,60.0,False
CLM-0000000358,POL-100355897,home,MD,0.8999999761581421,0,2022-11-19,2022-11-19,34098.49,2500,denied,19.0,True
CLM-0000000359,POL-100331447,home,NY,5.900000095367432,1,2022-07-19,2022-07-31,7418.59,5000,approved,34.0,False
CLM-0000000360,POL-100464987,home,CO,5.599999904632568,1,2022-02-13,2022-02-14,25427.41,1000,pending,,False
CLM-0000000361,POL-100038694,auto,TN,1.399999976158142,1,2021-02-27,2021-03-04,14878.87,1500,under_review,42.0,True
CLM-0000000362,POL-100255181,auto,FL,1.2999999523162842,0,2025-05-25,2025-05-26,16077.79,500,under_review,17.0,True
CLM-0000000363,POL-100360286,home,FL,3.9000000953674316,1,2021-02-12,2021-02-21,19196.01,1000,approved,33.0,False
CLM-0000000364,POL-100007906,business,NY,2.0,0,2022-11-16,2022-11-19,70533.0,5000,approved,12.0,False
CLM-0000000365,POL-100255151,business,CT,13.600000381469727,0,2022-12-22,2023-01-03,90243.82,10000,approved,15.0,False
CLM-0000000366,POL-100240616,property,AZ,5.800000190734863,1,2021-11-17,2021-11-21,58649.77,1000,under_review,20.0,False
CLM-0000000367,POL-100409354,home,NE,5.699999809265137,1,2021-08-24,2021-09-07,23715.32,5000,approved,26.0,False
CLM-0000000368,POL-100014988,business,HI,11.0,1,2026-04-08,2026-04-14,34362.87,10000,approved,11.0,False
CLM-0000000369,POL-100060922,renters,FL,29.0,0,2025-12-31,2026-01-12,9637.22,250,approved,15.0,False
CLM-0000000370,POL-100366011,home,FL,2.5999999046325684,1,2024-09-21,2024-09-23,66418.77,1000,approved,8.0,False
CLM-0000000371,POL-100280210,home,KS,3.700000047683716,2,2021-02-26,2021-03-11,71444.12,5000,approved,19.0,False
CLM-0000000372,POL-100367644,auto,FL,0.6000000238418579,0,2022-02-14,2022-02-26,17195.18,500,denied,32.0,False
CLM-0000000373,POL-100013256,auto,CA,0.4000000059604645,0,2023-08-15,2023-08-19,15370.34,1000,approved,10.0,False
CLM-0000000374,POL-100210941,home,NJ,1.399999976158142,0,2022-06-22,2022-06-26,10880.69,2500,approved,27.0,False
CLM-0000000375,POL-100442352,home,KY,0.20000000298023224,2,2025-05-30,2025-06-07,32610.71,1000,approved,19.0,False
CLM-0000000376,POL-100204909,home,CA,3.4000000953674316,0,2026-04-18,2026-05-02,36421.1,2500,approved,21.0,False
CLM-0000000377,POL-100334653,renters,CA,0.10000000149011612,1,2025-04-08,2025-04-10,15011.78,250,under_review,2.0,True
CLM-0000000378,POL-100442169,home,NY,1.0,1,2024-03-15,2024-03-23,33969.96,1000,approved,15.0,False
CLM-0000000379,POL-100055633,home,TN,10.800000190734863,0,2025-09-24,2025-10-07,15307.66,1000,approved,22.0,False
CLM-0000000380,POL-100474222,auto,MI,29.5,0,2025-04-05,2025-04-12,25306.38,1500,approved,22.0,False
CLM-0000000381,POL-100398629,renters,FL,3.0,1,2024-05-29,2024-05-29,1130.53,500,approved,2.0,False
CLM-0000000382,POL-100122790,auto,MA,1.100000023841858,0,2022-04-13,2022-04-23,8290.36,500,approved,38.0,False
CLM-0000000383,POL-100151179,auto,TX,6.400000095367432,0,2025-12-10,2025-12-10,7267.01,1500,approved,26.0,False
CLM-0000000384,POL-100077303,auto,CA,3.200000047683716,0,2022-04-19,2022-04-21,16066.36,1000,approved,9.0,False
CLM-0000000385,POL-100186078,auto,PA,8.0,0,2024-11-03,2024-11-03,20840.39,1500,approved,2.0,False
CLM-0000000386,POL-100131923,home,VA,1.7999999523162842,1,2025-07-27,2025-08-09,10614.49,1000,under_review,19.0,False
CLM-0000000387,POL-100319542,auto,FL,13.399999618530273,2,2024-09-20,2024-09-25,9734.48,1000,approved,14.0,False
CLM-0000000388,POL-100342654,auto,TX,4.0,1,2024-07-11,2024-07-19,4317.42,1000,approved,11.0,False
CLM-0000000389,POL-100419906,home,CA,3.700000047683716,1,2026-06-23,2026-07-01,34781.2,2500,under_review,10.0,False
CLM-0000000390,POL-100150445,home,NC,2.200000047683716,0,2024-02-04,2024-02-17,21360.74,1000,approved,21.0,False
CLM-0000000391,POL-100461587,property,CA,7.400000095367432,1,2021-02-27,2021-03-02,80223.92,2500,approved,9.0,False
CLM-0000000392,POL-100291139,home,NJ,3.299999952316284,0,2026-07-23,2026-07-28,21875.64,1000,approved,16.0,False
CLM-0000000393,POL-100382944,property,NC,5.800000190734863,1,2026-04-04,2026-04-14,54907.69,5000,denied,33.0,True
CLM-0000000394,POL-100188284,auto,VA,0.10000000149011612,0,2024-09-16,2024-09-20,3274.34,1000,under_review,13.0,False
CLM-0000000395,POL-100326593,home,NY,2.0,0,2024-08-02,2024-08-09,29817.21,2500,approved,22.0,False
CLM-0000000396,POL-100411232,auto,VA,10.399999618530273,2,2021-12-12,2021-12-13,36266.9,1000,approved,11.0,False
CLM-0000000397,POL-100122044,auto,AZ,0.5,1,2024-10-30,2024-11-09,13392.64,1000,approved,33.0,False
CLM-0000000398,POL-100305447,home,KY,1.899999976158142,0,2021-12-01,2021-12-04,6582.31,5000,pending,,False
CLM-0000000399,POL-100006422,home,NC,9.5,1,2024-07-07,2024-07-17,51689.33,2500,approved,20.0,False
CLM-0000000400,POL-100402336,business,FL,1.5,2,2025-09-10,2025-09-11,143801.52,5000,pending,,False
CLM-0000000401,POL-100211982,home,OH,14.300000190734863,1,2025-07-08,2025-07-15,17575.24,5000,approved,16.0,False
CLM-0000000402,POL-100124722,auto,NV,2.200000047683716,1,2022-04-02,2022-04-16,3478.92,500,approved,38.0,False
CLM-0000000403,POL-100011134,home,ID,1.7999999523162842,1,2025-05-04,2025-05-14,13168.92,1000,approved,11.0,False
CLM-0000000404,POL-100231266,auto,KS,3.0999999046325684,0,2021-06-02,2021-06-02,34648.91,1000,approved,6.0,False
CLM-0000000405,POL-100496567,home,MN,0.8999999761581421,1,2022-11-12,2022-11-13,25641.68,2500,approved,10.0,False
CLM-0000000406,POL-100481244,renters,NY,1.7999999523162842,0,2023-08-10,2023-08-20,4264.51,1000,approved,38.0,False
CLM-0000000407,POL-100405802,auto,CA,10.899999618530273,2,2022-01-28,2022-01-30,1811.99,1000,approved,9.0,False
CLM-0000000408,POL-100381659,business,IN,4.599999904632568,0,2026-02-18,2026-02-19,28653.27,5000,approved,18.0,False
CLM-0000000409,POL-100288384,renters,SC,6.300000190734863,0,2026-02-22,2026-03-05,3603.46,500,approved,31.0,False
CLM-0000000410,POL-100436181,property,IL,1.5,0,2025-01-25,2025-01-31,13928.34,2500,approved,8.0,False
CLM-0000000411,POL-100012999,home,OH,0.800000011920929,1,2026-01-14,2026-01-18,48594.37,2500,under_review,17.0,True
CLM-0000000412,POL-100323820,auto,AR,8.800000190734863,1,2024-06-15,2024-06-28,8213.69,1000,approved,31.0,False
CLM-0000000413,POL-100262453,home,TX,2.200000047683716,1,2025-02-22,2025-02-24,12903.94,2500,approved,4.0,False
CLM-0000000414,POL-100244412,auto,CA,6.699999809265137,0,2021-08-06,2021-08-11,9766.81,500,under_review,29.0,False
CLM-0000000415,POL-100459229,home,CA,5.099999904632568,0,2026-05-24,2026-06-04,15775.11,1000,approved,13.0,False
CLM-0000000416,POL-100039064,auto,TX,9.300000190734863,1,2024-01-15,2024-01-24,17187.89,500,approved,24.0,False
CLM-0000000417,POL-100247622,auto,AZ,2.700000047683716,0,2025-10-09,2025-10-10,10591.68,1500,approved,12.0,False
CLM-0000000418,POL-100395620,business,TX,4.0,1,2023-06-05,2023-06-12,106121.82,5000,approved,12.0,False
CLM-0000000419,POL-100379121,auto,CA,0.6000000238418579,1,2024-12-23,2024-12-25,14821.2,1500,under_review,9.0,True
CLM-0000000420,POL-100138777,auto,CA,1.7999999523162842,2,2025-01-30,2025-02-12,11033.79,1000,pending,,False
CLM-0000000421,POL-100090713,home,TN,0.0,1,2022-12-12,2022-12-22,52741.37,1000,denied,23.0,True
CLM-0000000422,POL-100004685,renters,NJ,2.700000047683716,0,2024-06-02,2024-06-04,2850.82,250,approved,26.0,False
CLM-0000000423,POL-100100321,business,TX,0.4000000059604645,3,2021-05-06,2021-05-09,164578.35,2500,approved,17.0,False
CLM-0000000424,POL-100465062,business,PA,10.399999618530273,0,2023-10-09,2023-10-22,57067.66,10000,approved,18.0,False
CLM-0000000425,POL-100047464,home,AZ,4.599999904632568,0,2023-07-09,2023-07-12,63371.26,2500,denied,22.0,True
CLM-0000000426,POL-100438159,home,NY,8.199999809265137,0,2024-01-11,2024-01-11,60516.76,1000,denied,2.0,False
CLM-0000000427,POL-100398478,home,CA,5.400000095367432,1,2021-10-20,2021-10-21,26261.57,5000,approved,3.0,False
CLM-0000000428,POL-100253181,auto,MI,1.600000023841858,1,2023-01-11,2023-01-13,7606.46,1000,under_review,9.0,False
CLM-0000000429,POL-100123613,auto,VA,1.7000000476837158,0,2023-02-26,2023-03-08,3423.77,500,approved,14.0,False
CLM-0000000430,POL-100432377,home,NY,5.599999904632568,1,2025-08-08,2025-08-14,39801.16,1000,approved,16.0,False
CLM-0000000431,POL-100436866,auto,MO,0.4000000059604645,0,2025-08-24,2025-09-05,8068.44,1500,denied,21.0,False
CLM-0000000432,POL-100193207,auto,MO,11.5,0,2026-07-08,2026-07-19,28104.99,500,approved,27.0,False
CLM-0000000433,POL-100329640,home,LA,5.699999809265137,0,2025-09-19,2025-09-21,29074.71,1000,approved,19.0,False
CLM-0000000434,POL-100116960,auto,NY,3.5,1,2021-09-24,2021-10-06,11103.07,500,approved,36.0,False
CLM-0000000435,POL-100479608,property,IN,5.400000095367432,0,2025-12-30,2026-01-11,40995.96,2500,approved,22.0,False
CLM-0000000436,POL-100062273,property,OH,1.600000023841858,0,2021-10-26,2021-11-02,47833.54,1000,approved,15.0,False
CLM-0000000437,POL-100291151,home,NY,2.5999999046325684,1,2022-11-15,2022-11-15,7144.78,2500,under_review,1.0,False
CLM-0000000438,POL-100105371,auto,IL,0.6000000238418579,2,2024-09-05,2024-09-15,15259.85,1500,under_review,18.0,True
CLM-0000000439,POL-100161804,home,TX,2.0,1,2022-04-05,2022-04-11,66268.12,1000,approved,14.0,False
CLM-0000000440,POL-100336879,auto,MN,6.300000190734863,1,2024-03-16,2024-03-21,10189.24,1500,under_review,8.0,False
CLM-0000000441,POL-100143682,property,IL,3.5,1,2021-01-29,2021-02-01,27529.12,1000,approved,15.0,False
CLM-0000000442,POL-100446200,business,OR,3.0,0,2023-06-23,2023-06-26,126996.88,5000,approved,7.0,False
CLM-0000000443,POL-100271518,auto,NY,13.399999618530273,1,2021-04-10,2021-04-15,13020.02,1500,approved,19.0,False
CLM-0000000444,POL-100416430,property,IL,8.300000190734863,0,2022-09-01,2022-09-13,69944.54,1000,denied,23.0,True
CLM-0000000445,POL-100012214,business,IL,6.599999904632568,0,2022-05-19,2022-06-01,104657.85,2500,approved,16.0,False
CLM-0000000446,POL-100029251,property,AZ,3.700000047683716,0,2023-10-22,2023-11-05,15637.81,1000,approved,21.0,False
CLM-0000000447,POL-100270882,business,NY,5.300000190734863,0,2021-10-05,2021-10-15,118446.88,2500,under_review,28.0,False
CLM-0000000448,POL-100057488,property,NC,1.899999976158142,1,2021-09-29,2021-10-13,53224.61,1000,approved,40.0,False
CLM-0000000449,POL-100276951,auto,NC,7.699999809265137,1,2026-05-23,2026-05-24,6713.6,1000,approved,10.0,False
CLM-0000000450,POL-100224546,home,OR,4.300000190734863,1,2025-09-21,2025-10-02,15971.85,1000,approved,22.0,False
CLM-0000000451,POL-100045208,business,TN,1.2999999523162842,0,2024-03-31,2024-04-11,94575.26,2500,approved,33.0,False
CLM-0000000452,POL-100198742,auto,MI,2.4000000953674316,1,2022-12-09,2022-12-14,28858.91,1500,pending,,False
CLM-0000000453,POL-100206885,home,CA,9.0,0,2024-11-22,2024-11-24,12105.44,5000,approved,9.0,False
CLM-0000000454,POL-100053397,property,LA,0.0,2,2025-10-27,2025-11-05,32936.51,2500,approved,15.0,False
CLM-0000000455,POL-100476469,business,TX,0.4000000059604645,0,2022-09-19,2022-10-03,199494.07,2500,approved,18.0,False
CLM-0000000456,POL-100073115,property,PA,7.699999809265137,1,2025-05-03,2025-05-08,99859.24,2500,approved,14.0,False
CLM-0000000457,POL-100323104,auto,IL,23.399999618530273,3,2023-10-17,2023-10-23,7324.63,1500,approved,14.0,False
CLM-0000000458,POL-100225642,auto,NC,7.0,1,2025-07-22,2025-07-24,9718.21,500,approved,9.0,False
CLM-0000000459,POL-100283385,renters,HI,0.0,0,2022-12-07,2022-12-12,2144.13,250,approved,6.0,False
CLM-0000000460,POL-100006320,renters,IL,0.6000000238418579,1,2021-10-18,2021-10-26,2891.12,500,approved,15.0,True
CLM-0000000461,POL-100490007,auto,MD,6.300000190734863,2,2022-09-19,2022-09-29,4941.06,500,under_review,20.0,False
CLM-0000000462,POL-100048005,auto,MN,1.7999999523162842,0,2021-09-15,2021-09-25,5885.61,1500,denied,19.0,False
CLM-0000000463,POL-100271231,auto,WA,3.700000047683716,1,2023-02-22,2023-02-23,30724.41,1500,pending,,True
CLM-0000000464,POL-100131552,property,NY,1.2999999523162842,0,2026-04-12,2026-04-13,35084.48,1000,approved,10.0,False
CLM-0000000465,POL-100463188,auto,NY,2.200000047683716,0,2021-11-21,2021-11-29,1570.04,1500,approved,18.0,False
CLM-0000000466,POL-100095880,auto,TX,4.699999809265137,1,2021-03-07,2021-03-12,4830.24,500,approved,18.0,False
CLM-0000000467,POL-100231306,home,MA,1.7999999523162842,2,2024-02-07,2024-02-21,41549.99,2500,approved,23.0,False
CLM-0000000468,POL-100259238,home,WA,11.800000190734863,0,2025-03-29,2025-04-12,15540.52,5000,approved,27.0,False
CLM-0000000469,POL-100444589,property,TX,2.0999999046325684,1,2022-08-17,2022-08-31,28502.54,5000,approved,36.0,False
CLM-0000000470,POL-100359849,home,TX,3.4000000953674316,0,2023-12-09,2023-12-20,13436.74,5000,approved,38.0,False
CLM-0000000471,POL-100058426,auto,NC,1.7999999523162842,0,2024-03-31,2024-04-12,7407.07,1000,approved,32.0,False
CLM-0000000472,POL-100119904,property,FL,2.0999999046325684,1,2024-03-29,2024-03-29,30420.22,5000,approved,8.0,False
CLM-0000000473,POL-100269508,home,TX,0.4000000059604645,0,2024-10-22,2024-10-28,35254.51,5000,pending,,False
CLM-0000000474,POL-100450613,business,AL,4.300000190734863,0,2021-08-28,2021-09-01,142407.02,5000,pending,,False
CLM-0000000475,POL-100270862,renters,AL,3.9000000953674316,0,2025-09-10,2025-09-16,5060.5,500,approved,16.0,False
CLM-0000000476,POL-100336419,property,NY,2.799999952316284,0,2022-04-12,2022-04-25,52463.34,5000,approved,22.0,False
CLM-0000000477,POL-100147375,auto,MI,0.0,0,2026-07-04,2026-07-06,7000.52,500,approved,15.0,False
CLM-0000000478,POL-100480555,home,NJ,0.20000000298023224,2,2025-11-22,2025-12-05,24318.61,1000,approved,22.0,False
CLM-0000000479,POL-100437238,auto,FL,8.5,0,2023-07-12,2023-07-22,50000.0,1000,pending,,False
CLM-0000000480,POL-100455579,property,MN,17.100000381469727,0,2023-07-22,2023-07-25,60773.86,5000,approved,15.0,False
CLM-0000000481,POL-100155997,auto,SC,1.399999976158142,1,2024-07-30,2024-08-08,6755.72,500,pending,,False
CLM-0000000482,POL-100358620,auto,MS,0.800000011920929,0,2022-08-28,2022-09-02,4460.1,500,approved,15.0,False
CLM-0000000483,POL-100158519,auto,MA,12.600000381469727,0,2022-12-04,2022-12-05,5649.32,500,approved,3.0,False
CLM-0000000484,POL-100251226,renters,CA,1.2000000476837158,2,2024-03-01,2024-03-01,2692.75,250,denied,1.0,False
CLM-0000000485,POL-100056258,renters,MA,12.5,2,2021-12-23,2021-12-27,4413.06,500,denied,26.0,False
CLM-0000000486,POL-100357962,property,PA,0.10000000149011612,1,2024-03-07,2024-03-09,18970.99,1000,approved,7.0,False
CLM-0000000487,POL-100161322,renters,AL,3.4000000953674316,2,2026-02-20,2026-02-27,3919.16,500,under_review,24.0,False
CLM-0000000488,POL-100352582,business,NC,8.699999809265137,1,2021-11-03,2021-11-16,91761.89,5000,approved,26.0,False
CLM-0000000489,POL-100059403,auto,PA,9.699999809265137,2,2025-04-08,2025-04-22,5215.67,1500,approved,18.0,False
CLM-0000000490,POL-100209749,renters,TX,1.100000023841858,1,2021-12-29,2022-01-11,10128.8,1000,approved,16.0,False
CLM-0000000491,POL-100095200,home,CA,2.299999952316284,0,2025-02-28,2025-03-02,19771.14,5000,approved,4.0,False
CLM-0000000492,POL-100346321,property,NJ,0.800000011920929,0,2023-08-20,2023-08-20,33994.99,2500,approved,25.0,False
CLM-0000000493,POL-100108067,home,IL,0.699999988079071,3,2022-10-22,2022-10-27,24956.97,2500,approved,19.0,False
CLM-0000000494,POL-100278223,property,CA,2.9000000953674316,0,2026-05-25,2026-06-05,30381.67,1000,approved,21.0,False
CLM-0000000495,POL-100255728,auto,CA,24.200000762939453,0,2023-07-05,2023-07-12,3774.31,500,approved,17.0,False
CLM-0000000496,POL-100120359,renters,CA,10.800000190734863,0,2025-03-27,2025-04-06,2993.31,500,approved,14.0,False
CLM-0000000497,POL-100189680,property,TX,2.4000000953674316,0,2023-04-30,2023-05-09,7985.17,5000,approved,16.0,False
CLM-0000000498,POL-100081159,renters,CA,0.10000000149011612,0,2025-03-20,2025-03-28,1697.32,1000,approved,10.0,False
CLM-0000000499,POL-100295307,auto,FL,3.700000047683716,0,2026-05-28,2026-06-10,6425.93,1000,approved,24.0,False
